"date","temp"
"1",2010-01-01,35.4708695652174
"2",2010-01-02,29.7125
"3",2010-01-03,23.2606896551724
"4",2010-01-04,27.26
"5",2010-01-05,28.1075
"6",2010-01-06,31.3733333333333
"7",2010-01-07,33.875
"8",2010-01-08,29.5047058823529
"9",2010-01-09,25.43
"10",2010-01-10,21.8675
"11",2010-01-11,24.6575
"12",2010-01-12,30.2075
"13",2010-01-13,30.83
"14",2010-01-14,34.2425
"15",2010-01-15,36.8946153846154
"16",2010-01-16,43.1461538461538
"17",2010-01-17,39.5188571428571
"18",2010-01-18,43.2182352941176
"19",2010-01-19,38.9329032258064
"20",2010-01-20,38.0023076923077
"21",2010-01-21,34.91
"22",2010-01-22,37.6333333333333
"23",2010-01-23,35.9225
"24",2010-01-24,36.9937142857143
"25",2010-01-25,58.3442857142857
"26",2010-01-26,42.632
"27",2010-01-27,34.5425
"28",2010-01-28,36.8525
"29",2010-01-29,21.5375
"30",2010-01-30,18.4894117647059
"31",2010-01-31,20.4675862068966
"32",2010-02-01,28.0325
"33",2010-02-02,29.9646153846154
"34",2010-02-03,33.0494339622642
"35",2010-02-04,34.7975
"36",2010-02-05,33.64
"37",2010-02-06,26.8165625
"38",2010-02-07,22.2875
"39",2010-02-08,24.7775
"40",2010-02-09,28.715
"41",2010-02-10,31.1536170212766
"42",2010-02-11,31.2323529411765
"43",2010-02-12,29.48
"44",2010-02-13,28.04
"45",2010-02-14,29.3
"46",2010-02-15,30.8372972972973
"47",2010-02-16,30.3747826086957
"48",2010-02-17,29.5775
"49",2010-02-18,34.9764285714286
"50",2010-02-19,38.3075
"51",2010-02-20,37.715
"52",2010-02-21,37.325
"53",2010-02-22,36.1666666666667
"54",2010-02-23,36.5265573770492
"55",2010-02-24,36.9437931034483
"56",2010-02-25,34.8188679245283
"57",2010-02-26,28.3883870967742
"58",2010-02-27,31.7325714285714
"59",2010-02-28,36.3776
"60",2010-03-01,41.015
"61",2010-03-02,39.7925
"62",2010-03-03,37.4376744186047
"63",2010-03-04,39.515
"64",2010-03-05,40.07
"65",2010-03-06,40.2125
"66",2010-03-07,44.4125
"67",2010-03-08,47.7875
"68",2010-03-09,51.32
"69",2010-03-10,49.1504
"70",2010-03-11,49.9292857142857
"71",2010-03-12,46.1586363636364
"72",2010-03-13,46.3342857142857
"73",2010-03-14,47.3828
"74",2010-03-15,43.9912727272727
"75",2010-03-16,49.1514285714286
"76",2010-03-17,51.08
"77",2010-03-18,53.0075
"78",2010-03-19,56.4725
"79",2010-03-20,59.18
"80",2010-03-21,59.315
"81",2010-03-22,59.0763043478261
"82",2010-03-23,52.1931578947368
"83",2010-03-24,53.33
"84",2010-03-25,55.2875
"85",2010-03-26,49.1116129032258
"86",2010-03-27,38.84
"87",2010-03-28,43.390625
"88",2010-03-29,53.3734482758621
"89",2010-03-30,44.9116417910448
"90",2010-03-31,48.194
"91",2010-04-01,57.6125
"92",2010-04-02,57.4625
"93",2010-04-03,51.6118181818182
"94",2010-04-04,60.6823076923077
"95",2010-04-05,64.7525
"96",2010-04-06,67.5447058823529
"97",2010-04-07,76.7075
"98",2010-04-08,74.54
"99",2010-04-09,59.606976744186
"100",2010-04-10,50.2475
"101",2010-04-11,60.7373913043478
"102",2010-04-12,62.315
"103",2010-04-13,51.0645714285714
"104",2010-04-14,50.756
"105",2010-04-15,59.33
"106",2010-04-16,60.0641176470588
"107",2010-04-17,53.6879069767442
"108",2010-04-18,49.0025
"109",2010-04-19,54.9875
"110",2010-04-20,58.9625
"111",2010-04-21,56.3675
"112",2010-04-22,58.1
"113",2010-04-23,58.7552
"114",2010-04-24,58.37
"115",2010-04-25,50.014693877551
"116",2010-04-26,51.149
"117",2010-04-27,52.2775510204082
"118",2010-04-28,49.5725
"119",2010-04-29,57.08
"120",2010-04-30,64.94
"121",2010-05-01,73.04
"122",2010-05-02,78.6275
"123",2010-05-03,74.2762264150943
"124",2010-05-04,74.408
"125",2010-05-05,70.265
"126",2010-05-06,71.7125
"127",2010-05-07,64.8275
"128",2010-05-08,67.2944
"129",2010-05-09,53.4575
"130",2010-05-10,51.7060869565217
"131",2010-05-11,52.5007142857143
"132",2010-05-12,50.4875
"133",2010-05-13,54.62
"134",2010-05-14,68.7007142857143
"135",2010-05-15,70.73375
"136",2010-05-16,65.18
"137",2010-05-17,63.7426086956522
"138",2010-05-18,52.5851724137931
"139",2010-05-19,56.9670588235294
"140",2010-05-20,67.49
"141",2010-05-21,74.165
"142",2010-05-22,69.44
"143",2010-05-23,65.7015384615385
"144",2010-05-24,66.3047272727273
"145",2010-05-25,70.59875
"146",2010-05-26,76.415
"147",2010-05-27,80.3675
"148",2010-05-28,65.86
"149",2010-05-29,70.415
"150",2010-05-30,76.0131034482759
"151",2010-05-31,79.88
"152",2010-06-01,80.8442857142857
"153",2010-06-02,78.194
"154",2010-06-03,80.0666666666667
"155",2010-06-04,80.165
"156",2010-06-05,81.0133333333333
"157",2010-06-06,82.7825
"158",2010-06-07,68.2973913043478
"159",2010-06-08,69.584
"160",2010-06-09,64.3
"161",2010-06-10,68.58
"162",2010-06-11,72.635
"163",2010-06-12,71.541935483871
"164",2010-06-13,79.331
"165",2010-06-14,73.1990697674419
"166",2010-06-15,76.4225
"167",2010-06-16,73.1723529411765
"168",2010-06-17,76.4811764705882
"169",2010-06-18,73.7975
"170",2010-06-19,74.9576923076923
"171",2010-06-20,82.1438461538462
"172",2010-06-21,83.0092307692308
"173",2010-06-22,82.66
"174",2010-06-23,81.5496551724138
"175",2010-06-24,82.1876923076923
"176",2010-06-25,80.45
"177",2010-06-26,80.351724137931
"178",2010-06-27,84.02
"179",2010-06-28,85.51
"180",2010-06-29,83.5175
"181",2010-06-30,74.045
"182",2010-07-01,71.8925
"183",2010-07-02,72.17
"184",2010-07-03,76.1375
"185",2010-07-04,82.145
"186",2010-07-05,84.9546153846154
"187",2010-07-06,90.0066666666667
"188",2010-07-07,92.4866666666667
"189",2010-07-08,82.2854545454545
"190",2010-07-09,80.98
"191",2010-07-10,76.248
"192",2010-07-11,80.81
"193",2010-07-12,80.0921428571429
"194",2010-07-13,76.8535593220339
"195",2010-07-14,76.2952112676056
"196",2010-07-15,80.1564285714286
"197",2010-07-16,83.3
"198",2010-07-17,82.2041176470588
"199",2010-07-18,85.6953846153846
"200",2010-07-19,80.82
"201",2010-07-20,79.9769230769231
"202",2010-07-21,82.2933333333333
"203",2010-07-22,81.6625806451613
"204",2010-07-23,85.1276923076923
"205",2010-07-24,89.9
"206",2010-07-25,84.284
"207",2010-07-26,77.5925
"208",2010-07-27,80.315
"209",2010-07-28,81.1896551724138
"210",2010-07-29,83.5423076923077
"211",2010-07-30,77.2592
"212",2010-07-31,77.4725
"213",2010-08-01,75.335
"214",2010-08-02,74.9525
"215",2010-08-03,77.7135714285714
"216",2010-08-04,82.13
"217",2010-08-05,83.39
"218",2010-08-06,82.0815384615385
"219",2010-08-07,78.8075
"220",2010-08-08,80.2775
"221",2010-08-09,81.884
"222",2010-08-10,85.064
"223",2010-08-11,86.3085714285714
"224",2010-08-12,78.5988235294118
"225",2010-08-13,76.625
"226",2010-08-14,75.5375
"227",2010-08-15,73.7017647058824
"228",2010-08-16,80.16125
"229",2010-08-17,83.0737142857143
"230",2010-08-18,75.2744827586207
"231",2010-08-19,78.7925
"232",2010-08-20,82.0925
"233",2010-08-21,79.3256
"234",2010-08-22,77.9457627118644
"235",2010-08-23,74.0161538461538
"236",2010-08-24,67.776
"237",2010-08-25,70.6807142857143
"238",2010-08-26,76.4289655172414
"239",2010-08-27,72.5375
"240",2010-08-28,74.42
"241",2010-08-29,78.275652173913
"242",2010-08-30,82.775
"243",2010-08-31,83.9161538461538
"244",2010-09-01,85.172
"245",2010-09-02,82.6266666666667
"246",2010-09-03,80.4575
"247",2010-09-04,77.3946153846154
"248",2010-09-05,68.99
"249",2010-09-06,71.3375
"250",2010-09-07,76.955
"251",2010-09-08,81.815
"252",2010-09-09,69.215
"253",2010-09-10,67.8425
"254",2010-09-11,69.3875
"255",2010-09-12,64.365
"256",2010-09-13,67.8448275862069
"257",2010-09-14,70.3657142857143
"258",2010-09-15,70.0666666666667
"259",2010-09-16,71.485
"260",2010-09-17,70.112
"261",2010-09-18,64.7375
"262",2010-09-19,69.995
"263",2010-09-20,70.4975
"264",2010-09-21,65.57
"265",2010-09-22,73.6925
"266",2010-09-23,74.316
"267",2010-09-24,73.9629787234043
"268",2010-09-25,81.9147826086957
"269",2010-09-26,69.0224
"270",2010-09-27,69.485
"271",2010-09-28,74.9079245283019
"272",2010-09-29,69.32
"273",2010-09-30,74.0724528301887
"274",2010-10-01,69.0772307692308
"275",2010-10-02,60.4925
"276",2010-10-03,58.145
"277",2010-10-04,52.7542857142857
"278",2010-10-05,53.4223376623377
"279",2010-10-06,56.3138461538462
"280",2010-10-07,60.8144
"281",2010-10-08,63.38
"282",2010-10-09,64.73
"283",2010-10-10,60.8825
"284",2010-10-11,67.22
"285",2010-10-12,66.3430769230769
"286",2010-10-13,58.1075
"287",2010-10-14,52.6883870967742
"288",2010-10-15,54.3066666666667
"289",2010-10-16,58.445
"290",2010-10-17,58.13
"291",2010-10-18,57.92
"292",2010-10-19,52.2392
"293",2010-10-20,51.7446153846154
"294",2010-10-21,54.8123529411765
"295",2010-10-22,52.04
"296",2010-10-23,53.3
"297",2010-10-24,61.5725
"298",2010-10-25,64.6838461538461
"299",2010-10-26,66.9707692307692
"300",2010-10-27,72.1620408163265
"301",2010-10-28,68.8057142857143
"302",2010-10-29,54.23
"303",2010-10-30,49.1525
"304",2010-10-31,53.6864
"305",2010-11-01,44.5712
"306",2010-11-02,43.295
"307",2010-11-03,45.365
"308",2010-11-04,49.40375
"309",2010-11-05,48.615
"310",2010-11-06,45.6275
"311",2010-11-07,42.8078260869565
"312",2010-11-08,47.12
"313",2010-11-09,49.9064
"314",2010-11-10,52.6175
"315",2010-11-11,49.8753846153846
"316",2010-11-12,49.61
"317",2010-11-13,52.1675
"318",2010-11-14,49.6472
"319",2010-11-15,49.6733333333333
"320",2010-11-16,52.8052830188679
"321",2010-11-17,60.1805882352941
"322",2010-11-18,50.1038461538462
"323",2010-11-19,46.4975
"324",2010-11-20,46.82
"325",2010-11-21,46.3930769230769
"326",2010-11-22,50.1580487804878
"327",2010-11-23,54.3823076923077
"328",2010-11-24,48.905
"329",2010-11-25,40.891052631579
"330",2010-11-26,51.3114285714286
"331",2010-11-27,39.38
"332",2010-11-28,40.325
"333",2010-11-29,38.62
"334",2010-11-30,50.7575
"335",2010-12-01,59.0888888888889
"336",2010-12-02,37.6925
"337",2010-12-03,36.484347826087
"338",2010-12-04,35.66
"339",2010-12-05,34.4
"340",2010-12-06,33.5771428571429
"341",2010-12-07,32.525
"342",2010-12-08,30.755
"343",2010-12-09,27.815
"344",2010-12-10,29.3975
"345",2010-12-11,34.808
"346",2010-12-12,50.1212244897959
"347",2010-12-13,39.8818181818182
"348",2010-12-14,22.865
"349",2010-12-15,25.8425
"350",2010-12-16,24.2805714285714
"351",2010-12-17,26.3369230769231
"352",2010-12-18,28.3925
"353",2010-12-19,30.4492307692308
"354",2010-12-20,30.6125
"355",2010-12-21,33.695
"356",2010-12-22,33.2
"357",2010-12-23,34.19
"358",2010-12-24,33.0730769230769
"359",2010-12-25,30.035
"360",2010-12-26,28.3336842105263
"361",2010-12-27,23.756
"362",2010-12-28,31.37
"363",2010-12-29,32.285
"364",2010-12-30,31.9454545454545
"365",2010-12-31,34.8152
"366",2011-01-01,40.5605882352941
"367",2011-01-02,49.2863157894737
"368",2011-01-03,34.1825
"369",2011-01-04,31.9175
"370",2011-01-05,34.175
"371",2011-01-06,30.05
"372",2011-01-07,30.1307692307692
"373",2011-01-08,26.9312
"374",2011-01-09,26.6432
"375",2011-01-10,26.8325
"376",2011-01-11,28.3236363636364
"377",2011-01-12,28.3348936170213
"378",2011-01-13,26.345
"379",2011-01-14,23.405
"380",2011-01-15,27.8253846153846
"381",2011-01-16,34.0025
"382",2011-01-17,26.075
"383",2011-01-18,32.1720588235294
"384",2011-01-19,36.95
"385",2011-01-20,36.4228571428571
"386",2011-01-21,31.9731914893617
"387",2011-01-22,18.455
"388",2011-01-23,19.9025
"389",2011-01-24,17.09
"390",2011-01-25,29.5736
"391",2011-01-26,32.3763636363636
"392",2011-01-27,32.5274418604651
"393",2011-01-28,31.8854545454545
"394",2011-01-29,31.7909677419355
"395",2011-01-30,29.8592857142857
"396",2011-01-31,28.3025
"397",2011-02-01,29.7251063829787
"398",2011-02-02,34.61
"399",2011-02-03,31.6325
"400",2011-02-04,28.0025
"401",2011-02-05,32.9490909090909
"402",2011-02-06,39.3111764705882
"403",2011-02-07,36.5257142857143
"404",2011-02-08,37.775
"405",2011-02-09,23.5947826086957
"406",2011-02-10,27.8535714285714
"407",2011-02-11,27.17
"408",2011-02-12,32.3392307692308
"409",2011-02-13,37.5125
"410",2011-02-14,49.3025
"411",2011-02-15,37.3325
"412",2011-02-16,37.2725
"413",2011-02-17,51.0575
"414",2011-02-18,56.6392307692308
"415",2011-02-19,49.115
"416",2011-02-20,34.43
"417",2011-02-21,37.37
"418",2011-02-22,26.8215384615385
"419",2011-02-23,31.25
"420",2011-02-24,35.4125
"421",2011-02-25,49.0767058823529
"422",2011-02-26,37.955
"423",2011-02-27,44.7152
"424",2011-02-28,51.5079245283019
"425",2011-03-01,43.3275862068965
"426",2011-03-02,42.77
"427",2011-03-03,30.605
"428",2011-03-04,35.2625
"429",2011-03-05,47.8283870967742
"430",2011-03-06,55.3505882352941
"431",2011-03-07,45.068
"432",2011-03-08,40.055
"433",2011-03-09,39.4376
"434",2011-03-10,50.0867857142857
"435",2011-03-11,51.512
"436",2011-03-12,42.02
"437",2011-03-13,48.51
"438",2011-03-14,42.7925
"439",2011-03-15,42.38
"440",2011-03-16,44.3051724137931
"441",2011-03-17,55.1466666666667
"442",2011-03-18,57.6176
"443",2011-03-19,56.7575
"444",2011-03-20,42.65
"445",2011-03-21,43.9940845070423
"446",2011-03-22,48.4622857142857
"447",2011-03-23,40.088
"448",2011-03-24,37.1075
"449",2011-03-25,35.9675
"450",2011-03-26,35.0312
"451",2011-03-27,36.95
"452",2011-03-28,36.7475
"453",2011-03-29,41.0825
"454",2011-03-30,43.9625
"455",2011-03-31,40.9576470588235
"456",2011-04-01,39.0317391304348
"457",2011-04-02,44.6675
"458",2011-04-03,48.125
"459",2011-04-04,57.8992307692308
"460",2011-04-05,58.5414285714286
"461",2011-04-06,46.76
"462",2011-04-07,49.205
"463",2011-04-08,45.0170731707317
"464",2011-04-09,46.1994285714286
"465",2011-04-10,52.7835714285714
"466",2011-04-11,62.0745945945946
"467",2011-04-12,60.0707692307692
"468",2011-04-13,49.4498113207547
"469",2011-04-14,55.22
"470",2011-04-15,53.96
"471",2011-04-16,49.6868
"472",2011-04-17,56.9678947368421
"473",2011-04-18,58.8425
"474",2011-04-19,55.2572413793103
"475",2011-04-20,55.46
"476",2011-04-21,60.5075
"477",2011-04-22,47.3
"478",2011-04-23,50.2343396226415
"479",2011-04-24,67.3492307692308
"480",2011-04-25,67.3223529411765
"481",2011-04-26,73.9335714285714
"482",2011-04-27,72.2503225806452
"483",2011-04-28,72.3252941176471
"484",2011-04-29,62.54
"485",2011-04-30,56.615
"486",2011-05-01,58.7075
"487",2011-05-02,62.2538461538462
"488",2011-05-03,68.6853846153846
"489",2011-05-04,54.9698305084746
"490",2011-05-05,56.1125
"491",2011-05-06,59.255
"492",2011-05-07,61.3746153846154
"493",2011-05-08,62.285
"494",2011-05-09,63.5423529411765
"495",2011-05-10,64.625
"496",2011-05-11,61.64
"497",2011-05-12,64.175
"498",2011-05-13,59.7961538461538
"499",2011-05-14,61.135
"500",2011-05-15,64.3841176470588
"501",2011-05-16,64.7520588235294
"502",2011-05-17,61.4220588235294
"503",2011-05-18,64.5064788732394
"504",2011-05-19,64.1092307692308
"505",2011-05-20,62.4425
"506",2011-05-21,63.6227272727273
"507",2011-05-22,62.8470588235294
"508",2011-05-23,65.8944186046512
"509",2011-05-24,75.38
"510",2011-05-25,76.7
"511",2011-05-26,74.9492857142857
"512",2011-05-27,78.2225
"513",2011-05-28,75.9272
"514",2011-05-29,75.501935483871
"515",2011-05-30,80.6931034482759
"516",2011-05-31,84.6153846153846
"517",2011-06-01,80.672
"518",2011-06-02,80.912
"519",2011-06-03,69.5825
"520",2011-06-04,70.3228571428571
"521",2011-06-05,69.0309090909091
"522",2011-06-06,73.7365217391304
"523",2011-06-07,75.7010810810811
"524",2011-06-08,81.1142857142857
"525",2011-06-09,87.3466666666667
"526",2011-06-10,78.5776470588235
"527",2011-06-11,75.0885714285714
"528",2011-06-12,69.6744186046512
"529",2011-06-13,71.8845161290323
"530",2011-06-14,67.32
"531",2011-06-15,69.1016
"532",2011-06-16,74.0675
"533",2011-06-17,70.0529113924051
"534",2011-06-18,76.0742857142857
"535",2011-06-19,78.29
"536",2011-06-20,73.865
"537",2011-06-21,73.4462857142857
"538",2011-06-22,77.7476923076923
"539",2011-06-23,79.7411428571429
"540",2011-06-24,75.5952173913043
"541",2011-06-25,77.0075
"542",2011-06-26,75.035
"543",2011-06-27,75.7175
"544",2011-06-28,74.9035294117647
"545",2011-06-29,79.3884615384615
"546",2011-06-30,75.41
"547",2011-07-01,76.88
"548",2011-07-02,79.3066666666667
"549",2011-07-03,78.9869230769231
"550",2011-07-04,80.0466666666667
"551",2011-07-05,82.805
"552",2011-07-06,81.74
"553",2011-07-07,80.972
"554",2011-07-08,75.8439436619718
"555",2011-07-09,76.4
"556",2011-07-10,81.0425
"557",2011-07-11,83.0825
"558",2011-07-12,85.3325
"559",2011-07-13,84.035
"560",2011-07-14,77.0675
"561",2011-07-15,76.5990909090909
"562",2011-07-16,78.5675
"563",2011-07-17,79.625
"564",2011-07-18,82.6925
"565",2011-07-19,82.9535
"566",2011-07-20,79.9110344827586
"567",2011-07-21,83.06375
"568",2011-07-22,91.25
"569",2011-07-23,91.8430769230769
"570",2011-07-24,88.5416
"571",2011-07-25,79.8485
"572",2011-07-26,79.1648648648649
"573",2011-07-27,81.38
"574",2011-07-28,80.99
"575",2011-07-29,79.5965957446809
"576",2011-07-30,85.3664
"577",2011-07-31,83.4266666666667
"578",2011-08-01,81.5167441860465
"579",2011-08-02,80.09
"580",2011-08-03,76.73
"581",2011-08-04,71.42
"582",2011-08-05,76.1234782608696
"583",2011-08-06,77.45
"584",2011-08-07,80.4419512195122
"585",2011-08-08,84.1625
"586",2011-08-09,78.0433333333333
"587",2011-08-10,77.9072
"588",2011-08-11,77.5175
"589",2011-08-12,75.9275
"590",2011-08-13,75.6937142857143
"591",2011-08-14,71.4610126582278
"592",2011-08-15,73.8866666666667
"593",2011-08-16,73.1942857142857
"594",2011-08-17,77.9225
"595",2011-08-18,72.8207272727273
"596",2011-08-19,72.24
"597",2011-08-20,71.71
"598",2011-08-21,76.334
"599",2011-08-22,74.9092307692308
"600",2011-08-23,71.4575
"601",2011-08-24,72.935
"602",2011-08-25,75.8342857142857
"603",2011-08-26,73.8359375
"604",2011-08-27,74.6494117647059
"605",2011-08-29,69.2834782608696
"606",2011-08-30,71.75
"607",2011-08-31,73.4975
"608",2011-09-01,72.725
"609",2011-09-02,70.2875
"610",2011-09-03,73.5718181818182
"611",2011-09-04,76.1675
"612",2011-09-05,76.4857142857143
"613",2011-09-06,63.5230769230769
"614",2011-09-07,70.9061818181818
"615",2011-09-08,72.7671578947368
"616",2011-09-09,75.2351219512195
"617",2011-09-10,75.595
"618",2011-09-11,71.0327272727273
"619",2011-09-12,69.1818867924528
"620",2011-09-13,74.1386206896552
"621",2011-09-14,74.9218181818182
"622",2011-09-15,70.3768181818182
"623",2011-09-16,57.485
"624",2011-09-17,59.96
"625",2011-09-18,60.905
"626",2011-09-19,61.58
"627",2011-09-20,65.8115789473684
"628",2011-09-21,66.39875
"629",2011-09-22,71.9773076923077
"630",2011-09-23,71.2532631578947
"631",2011-09-24,71.1984615384615
"632",2011-09-25,72.5617142857143
"633",2011-09-26,71.3
"634",2011-09-27,71.5164285714286
"635",2011-09-28,72.7052631578947
"636",2011-09-29,72.74
"637",2011-09-30,67.64
"638",2011-10-01,60.88
"639",2011-10-02,52.6807142857143
"640",2011-10-03,50.8682352941176
"641",2011-10-04,55.1507692307692
"642",2011-10-05,62.705
"643",2011-10-06,59.06
"644",2011-10-07,60.580625
"645",2011-10-08,61.505
"646",2011-10-09,67.0373913043478
"647",2011-10-10,68.96
"648",2011-10-11,68.1125
"649",2011-10-12,61.548125
"650",2011-10-13,62.8266666666667
"651",2011-10-14,69.2396226415094
"652",2011-10-15,61.64
"653",2011-10-16,60.41
"654",2011-10-17,63.5075
"655",2011-10-18,62.7145454545455
"656",2011-10-19,62.7514018691589
"657",2011-10-20,68.2302325581395
"658",2011-10-21,56.3257142857143
"659",2011-10-22,51.53
"660",2011-10-23,52.0475
"661",2011-10-24,54.8
"662",2011-10-25,55.7029268292683
"663",2011-10-26,56.84
"664",2011-10-27,57.0163265306122
"665",2011-10-28,44.4114864864865
"666",2011-10-29,38.0549107142857
"667",2011-10-30,39.7837837837838
"668",2011-10-31,42.2695364238411
"669",2011-11-01,50.5775
"670",2011-11-02,48.708064516129
"671",2011-11-03,50.5357142857143
"672",2011-11-04,50.4642857142857
"673",2011-11-05,44.435
"674",2011-11-06,43.9952
"675",2011-11-07,46.0984293193717
"676",2011-11-08,54.6875
"677",2011-11-09,50.2168674698795
"678",2011-11-10,55.4837209302326
"679",2011-11-11,44.74
"680",2011-11-12,45.7925
"681",2011-11-13,50.9825
"682",2011-11-14,60.6826086956522
"683",2011-11-15,63.6677966101695
"684",2011-11-16,56.5682692307692
"685",2011-11-17,49.1354330708661
"686",2011-11-18,40.0325
"687",2011-11-19,42.215
"688",2011-11-20,54.4921739130435
"689",2011-11-21,54.6879746835443
"690",2011-11-22,49.8333333333333
"691",2011-11-23,56.1293103448276
"692",2011-11-24,45.695
"693",2011-11-25,49.2125
"694",2011-11-26,49.8428571428571
"695",2011-11-27,51.8850393700787
"696",2011-11-28,60.0875
"697",2011-11-29,61.2452631578947
"698",2011-11-30,48.2553846153846
"699",2011-12-01,44.2475
"700",2011-12-02,43.2875
"701",2011-12-03,42.1175
"702",2011-12-04,44.4753846153846
"703",2011-12-05,48.3252173913043
"704",2011-12-06,59.5123076923077
"705",2011-12-07,58.4721348314607
"706",2011-12-08,42.1261538461538
"707",2011-12-09,41.0825
"708",2011-12-10,42.08
"709",2011-12-11,33.7025
"710",2011-12-12,34.8384615384615
"711",2011-12-13,37.6175
"712",2011-12-14,44.6754838709677
"713",2011-12-15,50.9072
"714",2011-12-16,50.0792
"715",2011-12-17,39.4475
"716",2011-12-18,32.51
"717",2011-12-19,36.5675
"718",2011-12-20,45.842
"719",2011-12-21,50.2777142857143
"720",2011-12-22,57.3607142857143
"721",2011-12-23,48.56
"722",2011-12-24,37.595
"723",2011-12-25,36.8744
"724",2011-12-26,43.2575
"725",2011-12-27,46.3693617021277
"726",2011-12-28,47.8886486486486
"727",2011-12-29,32.1575
"728",2011-12-30,40.67
"729",2011-12-31,48.3636363636364
"730",2012-01-01,46.85
"731",2012-01-02,42.245
"732",2012-01-03,29.5426086956522
"733",2012-01-04,20.3825
"734",2012-01-05,31.4454054054054
"735",2012-01-06,39.125
"736",2012-01-07,46.6325
"737",2012-01-08,45.6725
"738",2012-01-09,35.7408695652174
"739",2012-01-10,38.012
"740",2012-01-11,38.5066666666667
"741",2012-01-12,48.3240540540541
"742",2012-01-13,41.1741935483871
"743",2012-01-14,30.7025
"744",2012-01-15,25.7064285714286
"745",2012-01-16,25.5275
"746",2012-01-17,41.7786956521739
"747",2012-01-18,44.2832
"748",2012-01-19,28.6175
"749",2012-01-20,32.585
"750",2012-01-21,27.8789473684211
"751",2012-01-22,25.88
"752",2012-01-23,37.4885714285714
"753",2012-01-24,47.328125
"754",2012-01-25,42.005
"755",2012-01-26,40.6978571428571
"756",2012-01-27,51.8847058823529
"757",2012-01-28,42.4625
"758",2012-01-29,39.6460869565217
"759",2012-01-30,37.715
"760",2012-01-31,44.795
"761",2012-02-01,54.9125
"762",2012-02-02,47.6130434782609
"763",2012-02-03,39.3425
"764",2012-02-04,38.18
"765",2012-02-05,38.9525
"766",2012-02-06,37.8464
"767",2012-02-07,42.005
"768",2012-02-08,36.5389189189189
"769",2012-02-09,34.595
"770",2012-02-10,36.4925
"771",2012-02-11,35.1341176470588
"772",2012-02-12,27.2670588235294
"773",2012-02-13,32.87
"774",2012-02-14,40.9325
"775",2012-02-15,43.6723076923077
"776",2012-02-16,39.356
"777",2012-02-17,44.8209090909091
"778",2012-02-18,42.0425
"779",2012-02-19,40.925
"780",2012-02-20,39.71
"781",2012-02-21,39.6725
"782",2012-02-22,48.0575
"783",2012-02-23,54.005
"784",2012-02-24,45.1282608695652
"785",2012-02-25,42.1016
"786",2012-02-26,38.7930434782609
"787",2012-02-27,43.535
"788",2012-02-28,46.7
"789",2012-02-29,42.785306122449
"790",2012-03-01,46.069387755102
"791",2012-03-02,41.7971428571429
"792",2012-03-03,48.3863157894737
"793",2012-03-04,43.9325
"794",2012-03-05,37.6925
"795",2012-03-06,35.5925
"796",2012-03-07,46.9976
"797",2012-03-08,59.75
"798",2012-03-09,53.102
"799",2012-03-10,37.8875
"800",2012-03-11,43.31
"801",2012-03-12,52.265
"802",2012-03-13,61.3524137931035
"803",2012-03-14,63.32
"804",2012-03-15,52.475
"805",2012-03-16,49.319512195122
"806",2012-03-17,54.65
"807",2012-03-18,51.0707692307692
"808",2012-03-19,58.2028571428571
"809",2012-03-20,60.0930909090909
"810",2012-03-21,60.8144
"811",2012-03-22,61.4559322033898
"812",2012-03-23,62.8821621621622
"813",2012-03-24,55.7825
"814",2012-03-25,50.528
"815",2012-03-26,50.5330769230769
"816",2012-03-27,41.39
"817",2012-03-28,53.03
"818",2012-03-29,57.8225
"819",2012-03-30,46.4504
"820",2012-03-31,44.7876595744681
"821",2012-04-01,46.6276470588235
"822",2012-04-02,48.9591304347826
"823",2012-04-03,53.1275
"824",2012-04-04,60.905
"825",2012-04-05,53.06
"826",2012-04-06,48.2469565217391
"827",2012-04-07,51.215
"828",2012-04-08,55.6016
"829",2012-04-09,57.875
"830",2012-04-10,55.5725
"831",2012-04-11,47.9026086956522
"832",2012-04-12,50.4125
"833",2012-04-13,52.8252173913043
"834",2012-04-14,58.4525
"835",2012-04-15,65.8657142857143
"836",2012-04-16,72.5276923076923
"837",2012-04-17,72.14
"838",2012-04-18,57.4215384615385
"839",2012-04-19,57.6628571428571
"840",2012-04-20,56.9685714285714
"841",2012-04-21,63.4242105263158
"842",2012-04-22,53.82
"843",2012-04-23,46.5105263157895
"844",2012-04-24,50.345
"845",2012-04-25,54.875
"846",2012-04-26,56.4666666666667
"847",2012-04-27,55.8963636363636
"848",2012-04-28,48.2078260869565
"849",2012-04-29,53.5921739130435
"850",2012-04-30,54.6575
"851",2012-05-01,61.85375
"852",2012-05-02,56.048
"853",2012-05-03,55.131914893617
"854",2012-05-04,62.6046153846154
"855",2012-05-05,65.33
"856",2012-05-06,60.2548571428571
"857",2012-05-07,57.8853846153846
"858",2012-05-08,63.26
"859",2012-05-09,65.174
"860",2012-05-10,61.52
"861",2012-05-11,60.4775
"862",2012-05-12,66.2525
"863",2012-05-13,69.7175
"864",2012-05-14,67.8666666666667
"865",2012-05-15,67.0443636363636
"866",2012-05-16,70.4655813953488
"867",2012-05-17,66.92
"868",2012-05-18,64.715
"869",2012-05-19,66.4775
"870",2012-05-20,68.5025
"871",2012-05-21,63.9210714285714
"872",2012-05-22,65.432
"873",2012-05-23,68.2775
"874",2012-05-24,70.3208510638298
"875",2012-05-25,73.13
"876",2012-05-26,73.4426315789474
"877",2012-05-27,77.96
"878",2012-05-28,79.268
"879",2012-05-29,83.0825
"880",2012-05-30,72.86
"881",2012-05-31,74.51
"882",2012-06-01,71.1248
"883",2012-06-02,69.5215094339623
"884",2012-06-03,68.0533333333333
"885",2012-06-04,62.8982857142857
"886",2012-06-05,60.2375
"887",2012-06-06,64.22
"888",2012-06-07,69.3361538461538
"889",2012-06-08,71.765
"890",2012-06-09,76.4075
"891",2012-06-10,80.3417391304348
"892",2012-06-11,74.2947058823529
"893",2012-06-12,70.3128301886792
"894",2012-06-13,71.0641860465116
"895",2012-06-14,70.6941935483871
"896",2012-06-15,70.7375
"897",2012-06-16,71.1275
"898",2012-06-17,67.3533333333333
"899",2012-06-18,64.9478260869565
"900",2012-06-19,71.192
"901",2012-06-20,81.5771428571429
"902",2012-06-21,86.7061538461538
"903",2012-06-22,82.3805405405405
"904",2012-06-23,75.2276923076923
"905",2012-06-24,79.175
"906",2012-06-25,77.068275862069
"907",2012-06-26,69.6982608695652
"908",2012-06-27,74.3163636363636
"909",2012-06-28,80.7575
"910",2012-06-29,82.424
"911",2012-06-30,82.5395
"912",2012-07-01,84.29
"913",2012-07-02,84.845
"914",2012-07-03,83.2025
"915",2012-07-04,84.2138461538461
"916",2012-07-05,89.2475
"917",2012-07-06,87.3930434782609
"918",2012-07-07,88.7744827586207
"919",2012-07-08,84.7478260869565
"920",2012-07-09,82.76
"921",2012-07-10,78.4192307692308
"922",2012-07-11,79.3325
"923",2012-07-12,78.8825
"924",2012-07-13,79.7075
"925",2012-07-14,73.594
"926",2012-07-15,78.9756097560976
"927",2012-07-16,79.8941935483871
"928",2012-07-17,86.72
"929",2012-07-18,88.79
"930",2012-07-19,79.2817647058824
"931",2012-07-20,71.4317391304348
"932",2012-07-21,69.7813793103448
"933",2012-07-22,75.62
"934",2012-07-23,79.3458064516129
"935",2012-07-24,85.0792307692308
"936",2012-07-25,80.1575
"937",2012-07-26,81.356
"938",2012-07-27,78.0229268292683
"939",2012-07-28,82.79
"940",2012-07-29,75.0342105263158
"941",2012-07-30,78.1625
"942",2012-07-31,76.5776923076923
"943",2012-08-01,74.7880769230769
"944",2012-08-02,79.0733333333333
"945",2012-08-03,81.6542857142857
"946",2012-08-04,80.8941463414634
"947",2012-08-05,82.1988235294118
"948",2012-08-06,78.252
"949",2012-08-07,78.8675
"950",2012-08-08,80.0981818181818
"951",2012-08-09,79.1497142857143
"952",2012-08-10,77.4549090909091
"953",2012-08-11,79.2412903225806
"954",2012-08-12,77.2185714285714
"955",2012-08-13,78.71
"956",2012-08-14,75.4344680851064
"957",2012-08-15,75.9545833333333
"958",2012-08-16,77.6136363636364
"959",2012-08-17,79.835
"960",2012-08-18,72.1277272727273
"961",2012-08-19,71.9521739130435
"962",2012-08-20,73.6325
"963",2012-08-21,73.8695652173913
"964",2012-08-22,76.7825
"965",2012-08-23,77.5607692307692
"966",2012-08-24,79.385
"967",2012-08-25,76.7825
"968",2012-08-26,77.2025
"969",2012-08-27,76.0792307692308
"970",2012-08-28,79.2472727272727
"971",2012-08-29,76.5930434782609
"972",2012-08-30,75.4175
"973",2012-08-31,79.8928571428571
"974",2012-09-01,82.3925
"975",2012-09-02,75.5804545454545
"976",2012-09-03,74.8064406779661
"977",2012-09-04,76.1433734939759
"978",2012-09-05,80.33
"979",2012-09-06,75.6304347826087
"980",2012-09-07,77.4984615384615
"981",2012-09-08,75.5975
"982",2012-09-09,70.4696
"983",2012-09-10,67.925
"984",2012-09-11,65.39
"985",2012-09-12,68.825
"986",2012-09-13,69.0466666666667
"987",2012-09-14,70.5056
"988",2012-09-15,69.08
"989",2012-09-16,66.995
"990",2012-09-17,67.2575
"991",2012-09-18,73.1255737704918
"992",2012-09-19,67.68
"993",2012-09-20,63.4925
"994",2012-09-21,67.3304
"995",2012-09-22,70.68
"996",2012-09-23,65.7296774193548
"997",2012-09-24,59.9391304347826
"998",2012-09-25,62.8325
"999",2012-09-26,70.4825
"1000",2012-09-27,70.2076470588235
"1001",2012-09-28,72.0064516129032
"1002",2012-09-29,63.0655172413793
"1003",2012-09-30,62.3675
"1004",2012-10-01,60.8623076923077
"1005",2012-10-02,68.6613953488372
"1006",2012-10-03,72.2165
"1007",2012-10-04,73.341935483871
"1008",2012-10-05,70.2125
"1009",2012-10-06,67.8669565217391
"1010",2012-10-07,53.1361538461538
"1011",2012-10-08,49.5608
"1012",2012-10-09,54.02
"1013",2012-10-10,60.1495454545455
"1014",2012-10-11,55.175
"1015",2012-10-12,52.8725
"1016",2012-10-13,47.9525
"1017",2012-10-14,60.3725
"1018",2012-10-15,66.2632432432432
"1019",2012-10-16,58.0765217391304
"1020",2012-10-17,53.5925
"1021",2012-10-18,57.9266666666667
"1022",2012-10-19,67.0541818181818
"1023",2012-10-20,60.38
"1024",2012-10-21,56.7725
"1025",2012-10-22,57.38
"1026",2012-10-23,59.7476923076923
"1027",2012-10-24,62.1
"1028",2012-10-25,61.1410526315789
"1029",2012-10-26,63.1592857142857
"1030",2012-10-27,62.795
"1031",2012-10-28,57.3491428571429
"1032",2012-10-29,55.8015384615385
"1033",2012-10-30,49.6478260869565
"1034",2012-10-31,45.9854545454545
"1035",2012-11-01,48.14
"1036",2012-11-02,48.2375
"1037",2012-11-03,46.1730434782609
"1038",2012-11-04,44.42
"1039",2012-11-05,42.14
"1040",2012-11-06,38.8325
"1041",2012-11-07,37.826976744186
"1042",2012-11-08,42.2471428571429
"1043",2012-11-09,45.7025
"1044",2012-11-10,46.94
"1045",2012-11-11,50.2383783783784
"1046",2012-11-12,55.13
"1047",2012-11-13,50.1935849056604
"1048",2012-11-14,41.7725
"1049",2012-11-15,41.5475
"1050",2012-11-16,43.0742857142857
"1051",2012-11-17,43.7825
"1052",2012-11-18,43.79
"1053",2012-11-19,46.535
"1054",2012-11-20,47.5266666666667
"1055",2012-11-21,46.835
"1056",2012-11-22,45.365
"1057",2012-11-23,40.8744186046512
"1058",2012-11-24,43.655
"1059",2012-11-25,37.4075
"1060",2012-11-26,38.8175
"1061",2012-11-27,38.3627906976744
"1062",2012-11-28,38.368275862069
"1063",2012-11-29,37.625
"1064",2012-11-30,39.914375
"1065",2012-12-01,43.6841176470588
"1066",2012-12-02,44.9214285714286
"1067",2012-12-03,54.41
"1068",2012-12-04,56.3761538461538
"1069",2012-12-05,55.3175
"1070",2012-12-06,37.1675
"1071",2012-12-07,39.6545
"1072",2012-12-08,47.4423255813953
"1073",2012-12-09,47.0332142857143
"1074",2012-12-10,50.9
"1075",2012-12-11,53.0503571428571
"1076",2012-12-12,41.3375
"1077",2012-12-13,40.88
"1078",2012-12-14,38.9715384615385
"1079",2012-12-15,40.5707692307692
"1080",2012-12-16,48.3753846153846
"1081",2012-12-17,46.4675
"1082",2012-12-18,49.3990769230769
"1083",2012-12-19,44.4278260869565
"1084",2012-12-20,40.7675
"1085",2012-12-21,49.4632142857143
"1086",2012-12-22,39.6275
"1087",2012-12-23,37.4075
"1088",2012-12-24,35.4490322580645
"1089",2012-12-25,37.0563636363636
"1090",2012-12-26,34.4936585365854
"1091",2012-12-27,39.8075
"1092",2012-12-28,36.665
"1093",2012-12-29,33.755
"1094",2012-12-30,35.3933333333333
"1095",2012-12-31,33.8675
"1096",2013-01-01,39.9826086956522
"1097",2013-01-02,32.3130434782609
"1098",2013-01-03,28.8767567567568
"1099",2013-01-04,34.415
"1100",2013-01-05,35.555
"1101",2013-01-06,36.9642105263158
"1102",2013-01-07,41.6225
"1103",2013-01-08,36.8115384615385
"1104",2013-01-09,41.6161538461538
"1105",2013-01-10,44.4575
"1106",2013-01-11,43.406
"1107",2013-01-12,46.6948936170213
"1108",2013-01-13,45.6575
"1109",2013-01-14,52.6181818181818
"1110",2013-01-15,41.486
"1111",2013-01-16,36.5268085106383
"1112",2013-01-17,40.6676923076923
"1113",2013-01-18,35.165
"1114",2013-01-19,38
"1115",2013-01-20,45.92
"1116",2013-01-21,32.504
"1117",2013-01-22,25.3907692307692
"1118",2013-01-23,16.9025
"1119",2013-01-24,20.63
"1120",2013-01-25,19.7556097560976
"1121",2013-01-26,20.975
"1122",2013-01-27,26.3375
"1123",2013-01-28,32.2230434782609
"1124",2013-01-29,41.8845714285714
"1125",2013-01-30,52.5419512195122
"1126",2013-01-31,55.7310714285714
"1127",2013-02-01,30.48
"1128",2013-02-02,24.3575
"1129",2013-02-03,27.7604255319149
"1130",2013-02-04,28.7705882352941
"1131",2013-02-05,31.976
"1132",2013-02-06,33.2441176470588
"1133",2013-02-07,32.2175
"1134",2013-02-08,36.6610526315789
"1135",2013-02-09,32.3564705882353
"1136",2013-02-10,29.36
"1137",2013-02-11,41.19125
"1138",2013-02-12,45.23
"1139",2013-02-13,37.5512
"1140",2013-02-14,36.9212765957447
"1141",2013-02-15,41.3475862068966
"1142",2013-02-16,38.36
"1143",2013-02-17,30.776
"1144",2013-02-18,27.62
"1145",2013-02-19,40.9165853658537
"1146",2013-02-20,35.15
"1147",2013-02-21,30.004347826087
"1148",2013-02-22,31.625
"1149",2013-02-23,40.76
"1150",2013-02-24,41.3694736842105
"1151",2013-02-25,38.3
"1152",2013-02-26,38.048
"1153",2013-02-27,45.1557894736842
"1154",2013-02-28,45.2525
"1155",2013-03-01,40.22
"1156",2013-03-02,37.67
"1157",2013-03-03,34.4192
"1158",2013-03-04,35.9
"1159",2013-03-05,38.315
"1160",2013-03-06,39.4051162790698
"1161",2013-03-07,40.7992307692308
"1162",2013-03-08,36.23
"1163",2013-03-09,45.5525
"1164",2013-03-10,44.165
"1165",2013-03-11,43.1834782608696
"1166",2013-03-12,55.724
"1167",2013-03-13,44.4826086956522
"1168",2013-03-14,37.6448
"1169",2013-03-15,39.755
"1170",2013-03-16,38.88
"1171",2013-03-17,35.8903225806452
"1172",2013-03-18,36.3338461538462
"1173",2013-03-19,40.0778461538462
"1174",2013-03-20,41.9075
"1175",2013-03-21,35.96
"1176",2013-03-22,35.36
"1177",2013-03-23,39.74
"1178",2013-03-24,39.665
"1179",2013-03-25,36.1114285714286
"1180",2013-03-26,41.3857142857143
"1181",2013-03-27,45.2652173913043
"1182",2013-03-28,43.5875
"1183",2013-03-29,47.4275
"1184",2013-03-30,48.485
"1185",2013-03-31,47.8297142857143
"1186",2013-04-01,48.65
"1187",2013-04-02,41.75
"1188",2013-04-03,40.4052173913043
"1189",2013-04-04,40.835
"1190",2013-04-05,46.4952941176471
"1191",2013-04-06,46.1573913043478
"1192",2013-04-07,49.2275
"1193",2013-04-08,61.6775
"1194",2013-04-09,70.34
"1195",2013-04-10,74.915
"1196",2013-04-11,64.2814634146341
"1197",2013-04-12,47.7903448275862
"1198",2013-04-13,49.0055
"1199",2013-04-14,54.71
"1200",2013-04-15,52.6475
"1201",2013-04-16,58.8875
"1202",2013-04-17,63.26
"1203",2013-04-18,59.2509090909091
"1204",2013-04-19,66.4594117647059
"1205",2013-04-20,58.4784615384615
"1206",2013-04-21,47.0375
"1207",2013-04-22,46.415
"1208",2013-04-23,47.4338461538462
"1209",2013-04-24,54.9034482758621
"1210",2013-04-25,57.2576
"1211",2013-04-26,57.23
"1212",2013-04-27,58.67
"1213",2013-04-28,59.0375
"1214",2013-04-29,56.2463157894737
"1215",2013-04-30,56.5964705882353
"1216",2013-05-01,57.5075
"1217",2013-05-02,58.745
"1218",2013-05-03,57.755
"1219",2013-05-04,56.4730769230769
"1220",2013-05-05,53.14
"1221",2013-05-06,55.8182352941176
"1222",2013-05-07,58.4050847457627
"1223",2013-05-08,63.7149253731343
"1224",2013-05-09,61.2897674418605
"1225",2013-05-10,69.1838461538461
"1226",2013-05-11,67.64
"1227",2013-05-12,63.7618181818182
"1228",2013-05-13,52.865
"1229",2013-05-14,51.785
"1230",2013-05-15,62.6761538461538
"1231",2013-05-16,69.53
"1232",2013-05-17,69.56
"1233",2013-05-18,64.04
"1234",2013-05-19,61.17
"1235",2013-05-20,66.9842857142857
"1236",2013-05-21,72.9153846153846
"1237",2013-05-22,75.515
"1238",2013-05-23,74.8076923076923
"1239",2013-05-24,62.18
"1240",2013-05-25,54.8975
"1241",2013-05-26,60.2675
"1242",2013-05-27,63.4625
"1243",2013-05-28,63.6984615384615
"1244",2013-05-29,71.2029411764706
"1245",2013-05-30,81.6125
"1246",2013-05-31,81.3061538461538
"1247",2013-06-01,81.755
"1248",2013-06-02,80.9075
"1249",2013-06-03,72.6256603773585
"1250",2013-06-04,68.9216
"1251",2013-06-05,70.175
"1252",2013-06-06,66.3735714285714
"1253",2013-06-07,66.9242857142857
"1254",2013-06-08,67.2408695652174
"1255",2013-06-09,73.76
"1256",2013-06-10,71.6514285714286
"1257",2013-06-11,74.345
"1258",2013-06-12,77.0375
"1259",2013-06-13,72.0275
"1260",2013-06-14,64.8434146341463
"1261",2013-06-15,71.465
"1262",2013-06-16,73.745
"1263",2013-06-17,75.5312
"1264",2013-06-18,70.61
"1265",2013-06-19,69.392
"1266",2013-06-20,70.0175
"1267",2013-06-21,71.72
"1268",2013-06-22,73.0025
"1269",2013-06-23,75.7775
"1270",2013-06-24,78.3536
"1271",2013-06-25,76.912
"1272",2013-06-26,80.5164285714286
"1273",2013-06-27,78.23
"1274",2013-06-28,76.264347826087
"1275",2013-06-29,76.6335714285714
"1276",2013-06-30,76.7048
"1277",2013-07-01,76.3933333333333
"1278",2013-07-02,78.3021276595745
"1279",2013-07-03,78.7417647058824
"1280",2013-07-04,80.9754285714286
"1281",2013-07-05,82.82
"1282",2013-07-06,85.37
"1283",2013-07-07,85.4456
"1284",2013-07-08,78.8133333333333
"1285",2013-07-09,80.6969230769231
"1286",2013-07-10,82.3181818181818
"1287",2013-07-11,80.12
"1288",2013-07-12,74.632
"1289",2013-07-13,75.344
"1290",2013-07-14,81.46625
"1291",2013-07-15,85.04
"1292",2013-07-16,87.83
"1293",2013-07-17,87.755
"1294",2013-07-18,87.6533333333333
"1295",2013-07-19,88.4492857142857
"1296",2013-07-20,86.7344
"1297",2013-07-21,80.4252941176471
"1298",2013-07-22,80.5421428571429
"1299",2013-07-23,77.1270588235294
"1300",2013-07-24,78.47
"1301",2013-07-25,69.17
"1302",2013-07-26,72.8876923076923
"1303",2013-07-27,76.3666666666667
"1304",2013-07-28,73.572
"1305",2013-07-29,72.652
"1306",2013-07-30,75.215
"1307",2013-07-31,75.335
"1308",2013-08-01,71.1071428571429
"1309",2013-08-02,74.6692307692308
"1310",2013-08-03,75.0546153846154
"1311",2013-08-04,72.7353846153846
"1312",2013-08-05,71.0375
"1313",2013-08-06,70.94
"1314",2013-08-07,72.3817142857143
"1315",2013-08-08,76.5353488372093
"1316",2013-08-09,80.9135483870968
"1317",2013-08-10,79.34
"1318",2013-08-11,76.325
"1319",2013-08-12,77.5876470588235
"1320",2013-08-13,73.6294117647059
"1321",2013-08-14,71.5025
"1322",2013-08-15,68.9525
"1323",2013-08-16,71.345
"1324",2013-08-17,72.005
"1325",2013-08-18,71.0888
"1326",2013-08-19,71.645
"1327",2013-08-20,73.2735135135135
"1328",2013-08-21,77.0370588235294
"1329",2013-08-22,76.4968181818182
"1330",2013-08-23,74.825
"1331",2013-08-24,72.8
"1332",2013-08-25,71.195
"1333",2013-08-26,73.6625
"1334",2013-08-27,80.3675
"1335",2013-08-28,74.7891304347826
"1336",2013-08-29,74.4953191489362
"1337",2013-08-30,74.7472727272727
"1338",2013-08-31,76.7584210526316
"1339",2013-09-01,80.885
"1340",2013-09-02,75.9255384615385
"1341",2013-09-03,77.468
"1342",2013-09-04,72.1165217391304
"1343",2013-09-05,72.425
"1344",2013-09-06,65.66
"1345",2013-09-07,66.3944
"1346",2013-09-08,73.925
"1347",2013-09-09,67.655
"1348",2013-09-10,74.94
"1349",2013-09-11,81.8251612903226
"1350",2013-09-12,79.3142857142857
"1351",2013-09-13,71.1114285714286
"1352",2013-09-14,61.355
"1353",2013-09-15,61.7969230769231
"1354",2013-09-16,64.715
"1355",2013-09-17,59.3913043478261
"1356",2013-09-18,59
"1357",2013-09-19,63.665
"1358",2013-09-20,67.424
"1359",2013-09-21,65.0673170731707
"1360",2013-09-22,67.0573684210526
"1361",2013-09-23,59.0675
"1362",2013-09-24,58.8425
"1363",2013-09-25,63.3875
"1364",2013-09-26,62.87
"1365",2013-09-27,64.3376923076923
"1366",2013-09-28,64.9475
"1367",2013-09-29,64.205
"1368",2013-09-30,63.5375
"1369",2013-10-01,67.325
"1370",2013-10-02,71.5723076923077
"1371",2013-10-03,73.3775
"1372",2013-10-04,73.1763636363636
"1373",2013-10-05,74.696
"1374",2013-10-06,72.1169230769231
"1375",2013-10-07,71.498
"1376",2013-10-08,60.4925
"1377",2013-10-09,59.225
"1378",2013-10-10,56.7426229508197
"1379",2013-10-11,60.981978021978
"1380",2013-10-12,64.7309677419355
"1381",2013-10-13,62.3017142857143
"1382",2013-10-14,59.6715384615385
"1383",2013-10-15,60.332
"1384",2013-10-16,61.4525
"1385",2013-10-17,65.1990243902439
"1386",2013-10-18,63.3733333333333
"1387",2013-10-19,56.48
"1388",2013-10-20,57.032
"1389",2013-10-21,55.085
"1390",2013-10-22,57.4736
"1391",2013-10-23,52.3053846153846
"1392",2013-10-24,47.48
"1393",2013-10-25,45.5075
"1394",2013-10-26,47.2621052631579
"1395",2013-10-27,51.8234782608696
"1396",2013-10-28,49.9925
"1397",2013-10-29,52.04
"1398",2013-10-30,52.8508108108108
"1399",2013-10-31,58.6953846153846
"1400",2013-11-01,66.3851428571429
"1401",2013-11-02,60.5853846153846
"1402",2013-11-03,50.1042105263158
"1403",2013-11-04,39.8260869565217
"1404",2013-11-05,47.8325
"1405",2013-11-06,53.6675
"1406",2013-11-07,59.0531818181818
"1407",2013-11-08,46.055
"1408",2013-11-09,43.7525
"1409",2013-11-10,50.465
"1410",2013-11-11,48.6725
"1411",2013-11-12,41.8523529411765
"1412",2013-11-13,34.505
"1413",2013-11-14,41.975
"1414",2013-11-15,45.065
"1415",2013-11-16,48.88
"1416",2013-11-17,56.492
"1417",2013-11-18,62.5172972972973
"1418",2013-11-19,48.5
"1419",2013-11-20,38.72
"1420",2013-11-21,41.9375
"1421",2013-11-22,51.795
"1422",2013-11-23,47.9042857142857
"1423",2013-11-24,30.0275
"1424",2013-11-25,27.44
"1425",2013-11-26,36.7211428571429
"1426",2013-11-27,47.9072289156626
"1427",2013-11-28,33.8225
"1428",2013-11-29,34.34
"1429",2013-11-30,32.915
"1430",2013-12-01,40.4807692307692
"1431",2013-12-02,43.5476923076923
"1432",2013-12-03,45.5666666666667
"1433",2013-12-04,46.106
"1434",2013-12-05,52.7932142857143
"1435",2013-12-06,53.9411627906977
"1436",2013-12-07,38.2385365853659
"1437",2013-12-08,29.2816326530612
"1438",2013-12-09,34.232
"1439",2013-12-10,34.0065573770492
"1440",2013-12-11,29.4152
"1441",2013-12-12,26.435
"1442",2013-12-13,29.9225
"1443",2013-12-14,32.1935
"1444",2013-12-15,35.0907317073171
"1445",2013-12-16,30.545
"1446",2013-12-17,29.66
"1447",2013-12-18,30.848
"1448",2013-12-19,36.0125
"1449",2013-12-20,44.0075
"1450",2013-12-21,54.74
"1451",2013-12-22,64.3
"1452",2013-12-23,59.4593103448276
"1453",2013-12-24,38.2035714285714
"1454",2013-12-25,26.9975
"1455",2013-12-26,31.6884615384615
"1456",2013-12-27,34.835
"1457",2013-12-28,39.905
"1458",2013-12-29,43.84
"1459",2013-12-30,41.3456
"1460",2013-12-31,32.18
"1461",2014-01-01,31.535
"1462",2014-01-02,31.915
"1463",2014-01-03,19.1525
"1464",2014-01-04,17.45
"1465",2014-01-05,30.5195918367347
"1466",2014-01-06,46.3529230769231
"1467",2014-01-07,11.0675
"1468",2014-01-08,15.7175
"1469",2014-01-09,28.4975
"1470",2014-01-10,32.1482352941176
"1471",2014-01-11,51.6628571428571
"1472",2014-01-12,47.9677419354839
"1473",2014-01-13,40.0515384615385
"1474",2014-01-14,48.2428571428571
"1475",2014-01-15,41.1829032258064
"1476",2014-01-16,37.4626086956522
"1477",2014-01-17,34.1738461538462
"1478",2014-01-18,35.5563636363636
"1479",2014-01-19,28.82
"1480",2014-01-20,40.445
"1481",2014-01-21,25.956
"1482",2014-01-22,12.779375
"1483",2014-01-23,15.0725
"1484",2014-01-24,14.9975
"1485",2014-01-25,22.6318181818182
"1486",2014-01-26,23.595
"1487",2014-01-27,33.9872
"1488",2014-01-28,17.3825
"1489",2014-01-29,14.3323076923077
"1490",2014-01-30,18.8825
"1491",2014-01-31,28.6475
"1492",2014-02-01,37.7184615384615
"1493",2014-02-02,39.2
"1494",2014-02-03,36.107
"1495",2014-02-04,30.0083870967742
"1496",2014-02-05,33.3339726027397
"1497",2014-02-06,29.5016
"1498",2014-02-07,29.3692307692308
"1499",2014-02-08,27.026
"1500",2014-02-09,26.7451612903226
"1501",2014-02-10,26.24
"1502",2014-02-11,21.8230769230769
"1503",2014-02-12,20.18
"1504",2014-02-13,30.2144
"1505",2014-02-14,35.2647058823529
"1506",2014-02-15,34.7936
"1507",2014-02-16,27.02
"1508",2014-02-17,25.5125
"1509",2014-02-18,30.5967346938776
"1510",2014-02-19,35.8740909090909
"1511",2014-02-20,40.9136
"1512",2014-02-21,44.4583606557377
"1513",2014-02-22,40.8258064516129
"1514",2014-02-23,46.835
"1515",2014-02-24,39.3902857142857
"1516",2014-02-25,30.9714285714286
"1517",2014-02-26,28.4105882352941
"1518",2014-02-27,26.1223076923077
"1519",2014-02-28,18.0275
"1520",2014-03-01,26.735
"1521",2014-03-02,36.5830769230769
"1522",2014-03-03,25.7971428571429
"1523",2014-03-04,19.655
"1524",2014-03-05,29.8025
"1525",2014-03-06,27.875
"1526",2014-03-07,33.1466666666667
"1527",2014-03-08,43.3142857142857
"1528",2014-03-09,42.6994117647059
"1529",2014-03-10,43.8725
"1530",2014-03-11,50.4575
"1531",2014-03-12,55.175
"1532",2014-03-13,32.936
"1533",2014-03-14,34.5575
"1534",2014-03-15,51.8825
"1535",2014-03-16,40.7
"1536",2014-03-17,26.8773770491803
"1537",2014-03-18,35.615
"1538",2014-03-19,41.7493023255814
"1539",2014-03-20,45.7227118644068
"1540",2014-03-21,44.3048
"1541",2014-03-22,50.2625
"1542",2014-03-23,45.1625
"1543",2014-03-24,30.02
"1544",2014-03-25,33.4778947368421
"1545",2014-03-26,32.3230769230769
"1546",2014-03-27,33.1025
"1547",2014-03-28,50.72
"1548",2014-03-29,50.33
"1549",2014-03-30,46.2389473684211
"1550",2014-03-31,43.57625
"1551",2014-04-01,48.8975
"1552",2014-04-02,49.2275
"1553",2014-04-03,56.885
"1554",2014-04-04,47.5911764705882
"1555",2014-04-05,47.4654054054054
"1556",2014-04-06,46.835
"1557",2014-04-07,47.5889473684211
"1558",2014-04-08,56.5345454545455
"1559",2014-04-09,54.4775
"1560",2014-04-10,54.635
"1561",2014-04-11,63.56
"1562",2014-04-12,62.6138461538462
"1563",2014-04-13,63.5128571428571
"1564",2014-04-14,69.6823076923077
"1565",2014-04-15,61.94
"1566",2014-04-16,39.3994594594595
"1567",2014-04-17,44.5025
"1568",2014-04-18,44.3853846153846
"1569",2014-04-19,53.7315384615385
"1570",2014-04-20,53.285
"1571",2014-04-21,52.505
"1572",2014-04-22,60.2528
"1573",2014-04-23,56.5507142857143
"1574",2014-04-24,52.205
"1575",2014-04-25,55.54
"1576",2014-04-26,53.4861224489796
"1577",2014-04-27,56.2784
"1578",2014-04-28,54.7925
"1579",2014-04-29,48.92
"1580",2014-04-30,48.2654545454545
"1581",2014-05-01,65.69
"1582",2014-05-02,63.98
"1583",2014-05-03,61.715
"1584",2014-05-04,58.341875
"1585",2014-05-05,58.835
"1586",2014-05-06,62.0384
"1587",2014-05-07,59.7875
"1588",2014-05-08,59.3027272727273
"1589",2014-05-09,61.8656
"1590",2014-05-10,69.3430769230769
"1591",2014-05-11,69.9221428571429
"1592",2014-05-12,72.125
"1593",2014-05-13,68.7463414634146
"1594",2014-05-14,59.3188571428571
"1595",2014-05-15,67.4456
"1596",2014-05-16,68.3732352941176
"1597",2014-05-17,61.325
"1598",2014-05-18,59.9075
"1599",2014-05-19,61.5875
"1600",2014-05-20,67.1864
"1601",2014-05-21,65.855
"1602",2014-05-22,66.89375
"1603",2014-05-23,65.7310526315789
"1604",2014-05-24,64.55
"1605",2014-05-25,68.2769230769231
"1606",2014-05-26,74.285
"1607",2014-05-27,74.9763636363636
"1608",2014-05-28,64.3345454545454
"1609",2014-05-29,56.7581818181818
"1610",2014-05-30,60.17
"1611",2014-05-31,68.54
"1612",2014-06-01,65.33
"1613",2014-06-02,68.585
"1614",2014-06-03,74.58
"1615",2014-06-04,77.0375
"1616",2014-06-05,67.868
"1617",2014-06-06,70.07
"1618",2014-06-07,72.665
"1619",2014-06-08,73.9815384615385
"1620",2014-06-09,71.5868292682927
"1621",2014-06-10,74.6691525423729
"1622",2014-06-11,69.0213043478261
"1623",2014-06-12,67.0922857142857
"1624",2014-06-13,73.0532352941176
"1625",2014-06-14,72.0153846153846
"1626",2014-06-15,69.7175
"1627",2014-06-16,76.8125
"1628",2014-06-17,81.2646153846154
"1629",2014-06-18,85.9925
"1630",2014-06-19,75.935
"1631",2014-06-20,73.1225
"1632",2014-06-21,73.5875
"1633",2014-06-22,72.38
"1634",2014-06-23,73.13
"1635",2014-06-24,75.5375
"1636",2014-06-25,78.8423529411765
"1637",2014-06-26,75.9591304347826
"1638",2014-06-27,77.54
"1639",2014-06-28,75.8624
"1640",2014-06-29,75.8225
"1641",2014-06-30,76.7075
"1642",2014-07-01,81.575
"1643",2014-07-02,84.9776
"1644",2014-07-03,79.684
"1645",2014-07-04,73.1054545454545
"1646",2014-07-05,72.965
"1647",2014-07-06,75.8225
"1648",2014-07-07,81.9125
"1649",2014-07-08,86.1114285714286
"1650",2014-07-09,77.788275862069
"1651",2014-07-10,79.7
"1652",2014-07-11,78.9125
"1653",2014-07-12,78.6546153846154
"1654",2014-07-13,78.2218181818182
"1655",2014-07-14,81.6615384615385
"1656",2014-07-15,77.531
"1657",2014-07-16,75.5864705882353
"1658",2014-07-17,75.4625
"1659",2014-07-18,75.2825
"1660",2014-07-19,74.84
"1661",2014-07-20,75.74
"1662",2014-07-21,75.785
"1663",2014-07-22,77.84
"1664",2014-07-23,80.7368
"1665",2014-07-24,76.4214285714286
"1666",2014-07-25,74
"1667",2014-07-26,74.305625
"1668",2014-07-27,78.674
"1669",2014-07-28,75.2293023255814
"1670",2014-07-29,70.7
"1671",2014-07-30,71.5475
"1672",2014-07-31,75.035
"1673",2014-08-01,74.373125
"1674",2014-08-02,71.8509090909091
"1675",2014-08-03,70.5551219512195
"1676",2014-08-04,74.1814634146342
"1677",2014-08-05,78.935
"1678",2014-08-06,75.2975
"1679",2014-08-07,75.7616
"1680",2014-08-08,73.9475
"1681",2014-08-09,76.3175
"1682",2014-08-10,77.21
"1683",2014-08-11,76.4525
"1684",2014-08-12,73.0029411764706
"1685",2014-08-13,74.2584615384615
"1686",2014-08-14,72.2408
"1687",2014-08-15,68.2976923076923
"1688",2014-08-16,71.6825
"1689",2014-08-17,73.85
"1690",2014-08-18,74.1125
"1691",2014-08-19,76.2425
"1692",2014-08-20,76.79
"1693",2014-08-21,75.74
"1694",2014-08-22,72.473
"1695",2014-08-23,69.1009302325581
"1696",2014-08-24,71.495
"1697",2014-08-25,73.9175
"1698",2014-08-26,78.7175
"1699",2014-08-27,77.5925
"1700",2014-08-28,77.2175
"1701",2014-08-29,71.06
"1702",2014-08-30,70.9625
"1703",2014-08-31,77.8288372093023
"1704",2014-09-01,77.5751219512195
"1705",2014-09-02,83.4872
"1706",2014-09-03,77.444
"1707",2014-09-04,76.8725
"1708",2014-09-05,77.1760869565217
"1709",2014-09-06,81.2866666666667
"1710",2014-09-07,73.8344827586207
"1711",2014-09-08,71.2925
"1712",2014-09-09,70.4438461538462
"1713",2014-09-10,72.725
"1714",2014-09-11,75.116
"1715",2014-09-12,71.8625
"1716",2014-09-13,67.4076363636364
"1717",2014-09-14,61.0325
"1718",2014-09-15,62.51
"1719",2014-09-16,64.8039024390244
"1720",2014-09-17,65.81
"1721",2014-09-18,65.7125
"1722",2014-09-19,63.7561538461539
"1723",2014-09-20,65.9507692307692
"1724",2014-09-21,69.8315
"1725",2014-09-22,68.6675
"1726",2014-09-23,61.13
"1727",2014-09-24,63.4775
"1728",2014-09-25,62.18
"1729",2014-09-26,65.4656
"1730",2014-09-27,70.3625
"1731",2014-09-28,70.1946153846154
"1732",2014-09-29,68.858
"1733",2014-09-30,69.32
"1734",2014-10-01,66.453125
"1735",2014-10-02,66.363125
"1736",2014-10-03,65.5353846153846
"1737",2014-10-04,65.8535849056604
"1738",2014-10-05,53.2175
"1739",2014-10-06,58.64
"1740",2014-10-07,66.1325
"1741",2014-10-08,66.9835294117647
"1742",2014-10-09,62.045
"1743",2014-10-10,58.4675
"1744",2014-10-11,54.212
"1745",2014-10-12,53.7992857142857
"1746",2014-10-13,60.9313513513514
"1747",2014-10-14,70.1425806451613
"1748",2014-10-15,72.5352941176471
"1749",2014-10-16,67.6431578947368
"1750",2014-10-18,63.5675
"1751",2014-10-19,53.8325
"1752",2014-10-20,51.3304347826087
"1753",2014-10-21,59.9375
"1754",2014-10-22,56.5144680851064
"1755",2014-10-23,53.1090909090909
"1756",2014-10-24,60.215
"1757",2014-10-25,59.3825
"1758",2014-10-26,61.4375
"1759",2014-10-27,56.405
"1760",2014-10-28,60.245
"1761",2014-10-29,61.53125
"1762",2014-10-30,51.3690909090909
"1763",2014-10-31,47.4725
"1764",2014-11-01,47.6342857142857
"1765",2014-11-02,45.5284210526316
"1766",2014-11-03,47.375
"1767",2014-11-04,58.31
"1768",2014-11-05,58.6775
"1769",2014-11-06,51.8276923076923
"1770",2014-11-07,50.2057142857143
"1771",2014-11-08,42.11
"1772",2014-11-09,49.715
"1773",2014-11-10,48.995
"1774",2014-11-11,53.738
"1775",2014-11-12,59.2412
"1776",2014-11-13,44.1933333333333
"1777",2014-11-14,37.688
"1778",2014-11-15,37.55
"1779",2014-11-16,38.57
"1780",2014-11-17,43.5453125
"1781",2014-11-18,35.1032
"1782",2014-11-19,26.6078260869565
"1783",2014-11-20,39.5075
"1784",2014-11-21,33.3275
"1785",2014-11-22,34.1675
"1786",2014-11-23,45.8975
"1787",2014-11-24,61.876170212766
"1788",2014-11-25,58.4525
"1789",2014-11-26,39.482
"1790",2014-11-27,37.5694117647059
"1791",2014-11-28,34.6307692307692
"1792",2014-11-29,31.385
"1793",2014-11-30,46.835
"1794",2014-12-01,55.7970588235294
"1795",2014-12-02,38.48
"1796",2014-12-03,43.4
"1797",2014-12-04,39.725
"1798",2014-12-05,41.1478571428571
"1799",2014-12-06,45.6515789473684
"1800",2014-12-07,42.656
"1801",2014-12-08,31.4278571428571
"1802",2014-12-09,39.9535593220339
"1803",2014-12-10,41.6784615384615
"1804",2014-12-11,34.4135211267606
"1805",2014-12-12,36.314
"1806",2014-12-13,39.1352
"1807",2014-12-14,41.18
"1808",2014-12-15,44.3438461538462
"1809",2014-12-16,41.2566666666667
"1810",2014-12-17,46.72
"1811",2014-12-18,38.2475
"1812",2014-12-19,38.2475
"1813",2014-12-20,34.0907692307692
"1814",2014-12-21,35.0075
"1815",2014-12-22,35.6771428571429
"1816",2014-12-23,47.9996226415094
"1817",2014-12-24,51.0074193548387
"1818",2014-12-25,57.795
"1819",2014-12-26,42.23
"1820",2014-12-27,41.9553846153846
"1821",2014-12-28,46.7461538461538
"1822",2014-12-29,44.1275
"1823",2014-12-30,35.525
"1824",2014-12-31,29.9525
"1825",2015-01-01,33.815
"1826",2015-01-02,37.2125
"1827",2015-01-03,36.2625531914894
"1828",2015-01-04,45.6372881355932
"1829",2015-01-05,43.0838461538462
"1830",2015-01-06,21.93
"1831",2015-01-07,21.1255172413793
"1832",2015-01-08,14.4125
"1833",2015-01-09,26.9728571428571
"1834",2015-01-10,20.9912
"1835",2015-01-11,25.0025
"1836",2015-01-12,35.114
"1837",2015-01-13,33.6581818181818
"1838",2015-01-14,25.1716129032258
"1839",2015-01-15,31.71875
"1840",2015-01-16,33.8069230769231
"1841",2015-01-17,25.5725
"1842",2015-01-18,34.5666666666667
"1843",2015-01-19,37.268
"1844",2015-01-20,38.03
"1845",2015-01-21,31.7362790697674
"1846",2015-01-22,33.245
"1847",2015-01-23,34.2875
"1848",2015-01-24,34.5838709677419
"1849",2015-01-25,38.9225
"1850",2015-01-26,30.38
"1851",2015-01-27,27.8879310344828
"1852",2015-01-28,25.9325
"1853",2015-01-29,28.8275
"1854",2015-01-30,35.1622727272727
"1855",2015-01-31,21.9725
"1856",2015-02-01,29.5325
"1857",2015-02-02,35.7666666666667
"1858",2015-02-03,23.945
"1859",2015-02-04,33.3425
"1860",2015-02-05,33.1892857142857
"1861",2015-02-06,22.3325
"1862",2015-02-07,32.09
"1863",2015-02-08,39.26
"1864",2015-02-09,32.98625
"1865",2015-02-10,30.6455
"1866",2015-02-11,32.6825
"1867",2015-02-12,33.188
"1868",2015-02-13,18.62
"1869",2015-02-14,26.6710526315789
"1870",2015-02-15,19.5359183673469
"1871",2015-02-16,9.7025
"1872",2015-02-17,16.8876595744681
"1873",2015-02-18,22.3175
"1874",2015-02-19,18.8744
"1875",2015-02-20,9.6725
"1876",2015-02-21,21.24875
"1877",2015-02-22,34.3364
"1878",2015-02-23,32.2148387096774
"1879",2015-02-24,16.4225
"1880",2015-02-25,26.6675
"1881",2015-02-26,29.12
"1882",2015-02-27,25.8472727272727
"1883",2015-02-28,23.705
"1884",2015-03-01,26.4774468085106
"1885",2015-03-02,33.473488372093
"1886",2015-03-03,30.3523076923077
"1887",2015-03-04,37.0508
"1888",2015-03-05,31.0086567164179
"1889",2015-03-06,19.295
"1890",2015-03-07,23.7892307692308
"1891",2015-03-08,39.2525
"1892",2015-03-09,43.5425
"1893",2015-03-10,46.2817142857143
"1894",2015-03-11,49.3822727272727
"1895",2015-03-12,48.1325
"1896",2015-03-13,40.5125
"1897",2015-03-14,44.5083018867925
"1898",2015-03-15,46.3689655172414
"1899",2015-03-16,43.0925
"1900",2015-03-17,51.7775
"1901",2015-03-18,38.7425
"1902",2015-03-19,37.0904
"1903",2015-03-20,34.1135483870968
"1904",2015-03-21,36.8705882352941
"1905",2015-03-22,44.195
"1906",2015-03-23,35.0675
"1907",2015-03-24,35.1275
"1908",2015-03-25,38.6716129032258
"1909",2015-03-26,49.6123076923077
"1910",2015-03-27,48.6082926829268
"1911",2015-03-28,38.7275
"1912",2015-03-29,33.8375
"1913",2015-03-30,41.305
"1914",2015-03-31,46.88
"1915",2015-04-01,43.0420689655172
"1916",2015-04-02,50.9
"1917",2015-04-03,60.7078048780488
"1918",2015-04-04,56.6375
"1919",2015-04-05,52.4675
"1920",2015-04-06,56.885
"1921",2015-04-07,60.1108571428571
"1922",2015-04-08,43.7993103448276
"1923",2015-04-09,40.168
"1924",2015-04-10,44.78
"1925",2015-04-11,56.9066666666667
"1926",2015-04-12,53.6825
"1927",2015-04-13,57.8984
"1928",2015-04-14,60.8232258064516
"1929",2015-04-15,58.7075
"1930",2015-04-16,60.7175
"1931",2015-04-17,61.4068571428571
"1932",2015-04-18,67.0533333333333
"1933",2015-04-19,61.5275
"1934",2015-04-20,58.8452
"1935",2015-04-21,62.0416326530612
"1936",2015-04-22,58.268
"1937",2015-04-23,48.1625
"1938",2015-04-24,46.8275
"1939",2015-04-25,48.32
"1940",2015-04-26,54.05
"1941",2015-04-27,54.44
"1942",2015-04-28,59.225
"1943",2015-04-29,65.09
"1944",2015-04-30,60.5525
"1945",2015-05-01,55.7946153846154
"1946",2015-05-02,58.58
"1947",2015-05-03,64.0475
"1948",2015-05-04,70.19
"1949",2015-05-05,73.1075
"1950",2015-05-06,70.26125
"1951",2015-05-07,67.6625
"1952",2015-05-08,64.0908695652174
"1953",2015-05-09,67.7014634146341
"1954",2015-05-10,71.036
"1955",2015-05-11,73.6842105263158
"1956",2015-05-12,75.09875
"1957",2015-05-13,68.2475
"1958",2015-05-14,60.5525
"1959",2015-05-15,64.0625
"1960",2015-05-16,70.835
"1961",2015-05-17,75.1047058823529
"1962",2015-05-18,74.3875675675676
"1963",2015-05-19,67.584
"1964",2015-05-20,66.695
"1965",2015-05-21,54.87
"1966",2015-05-22,61.9976923076923
"1967",2015-05-23,62.18
"1968",2015-05-24,66.41
"1969",2015-05-25,74.6456
"1970",2015-05-26,76.43
"1971",2015-05-27,77.6453658536585
"1972",2015-05-28,75.99875
"1973",2015-05-29,77.7488
"1974",2015-05-30,76.178
"1975",2015-05-31,78.7475
"1976",2015-06-01,70.5532307692308
"1977",2015-06-02,56.3526153846154
"1978",2015-06-03,58.5973684210526
"1979",2015-06-04,62.4272
"1980",2015-06-05,62.1646511627907
"1981",2015-06-06,69.8583783783784
"1982",2015-06-07,68.9144
"1983",2015-06-08,72.815
"1984",2015-06-09,73.4315789473684
"1985",2015-06-10,76.61
"1986",2015-06-11,80.2832
"1987",2015-06-12,83.728275862069
"1988",2015-06-13,83.09
"1989",2015-06-14,80.8775
"1990",2015-06-15,78.9641176470588
"1991",2015-06-16,79.8654054054054
"1992",2015-06-17,77.6675
"1993",2015-06-18,67.9307692307692
"1994",2015-06-19,74.461052631579
"1995",2015-06-20,78.4574193548387
"1996",2015-06-21,77.8302040816327
"1997",2015-06-22,83.4938461538461
"1998",2015-06-23,82.3689655172414
"1999",2015-06-24,76.1
"2000",2015-06-25,76.2933333333333
"2001",2015-06-26,72.6741935483871
"2002",2015-06-27,67.7908108108108
"2003",2015-06-28,68.3884210526316
"2004",2015-06-29,72.2182608695652
"2005",2015-06-30,76.0618181818182
"2006",2015-07-01,75.9068292682927
"2007",2015-07-02,73.6066666666667
"2008",2015-07-03,74.2133333333333
"2009",2015-07-04,72.9733333333333
"2010",2015-07-05,74.9
"2011",2015-07-06,78.35
"2012",2015-07-07,79.9063414634146
"2013",2015-07-08,82.1171428571429
"2014",2015-07-09,77.909
"2015",2015-07-10,78.24875
"2016",2015-07-11,80.42
"2017",2015-07-12,79.3123076923077
"2018",2015-07-13,79.1825
"2019",2015-07-14,77.7660465116279
"2020",2015-07-15,73.6232
"2021",2015-07-16,72.665
"2022",2015-07-17,73.49
"2023",2015-07-18,78.963125
"2024",2015-07-19,83.7090909090909
"2025",2015-07-20,87.3466666666667
"2026",2015-07-21,84.4121428571429
"2027",2015-07-22,77.936
"2028",2015-07-23,77.2088
"2029",2015-07-24,77.5475
"2030",2015-07-25,79.46
"2031",2015-07-26,80.42
"2032",2015-07-27,76.54
"2033",2015-07-28,81.19625
"2034",2015-07-29,83.7371428571429
"2035",2015-07-30,82.1915789473684
"2036",2015-07-31,80.588
"2037",2015-08-01,81.5936
"2038",2015-08-02,81.2825
"2039",2015-08-03,81.875
"2040",2015-08-04,81.80375
"2041",2015-08-05,82.28
"2042",2015-08-06,78.59
"2043",2015-08-07,76.7171428571429
"2044",2015-08-08,76.205
"2045",2015-08-09,76.4975
"2046",2015-08-10,74.165
"2047",2015-08-11,74.4901408450704
"2048",2015-08-12,76.775
"2049",2015-08-13,76.205
"2050",2015-08-14,77.705
"2051",2015-08-15,79.7825
"2052",2015-08-16,81.455
"2053",2015-08-17,82.67
"2054",2015-08-18,80.084
"2055",2015-08-19,80.93
"2056",2015-08-20,80.09
"2057",2015-08-21,80.1885714285714
"2058",2015-08-22,77.6048
"2059",2015-08-23,76.16
"2060",2015-08-24,77.8754545454545
"2061",2015-08-25,79.6563636363636
"2062",2015-08-26,75.47
"2063",2015-08-27,73.6016
"2064",2015-08-28,73.6660869565217
"2065",2015-08-29,76.52
"2066",2015-08-30,78.965
"2067",2015-08-31,82.175
"2068",2015-09-01,82.3424
"2069",2015-09-02,80.7535294117647
"2070",2015-09-03,82.99625
"2071",2015-09-04,81.7805882352941
"2072",2015-09-05,76.758125
"2073",2015-09-06,74.8325
"2074",2015-09-07,76.780625
"2075",2015-09-08,81.29
"2076",2015-09-09,80.6264705882353
"2077",2015-09-10,75.0436842105263
"2078",2015-09-11,72.1936170212766
"2079",2015-09-12,73.2944827586207
"2080",2015-09-13,68.2554838709677
"2081",2015-09-14,66.0725
"2082",2015-09-15,71.3336
"2083",2015-09-16,74.9507692307692
"2084",2015-09-17,75.9333333333333
"2085",2015-09-18,73.6736
"2086",2015-09-19,71.3538775510204
"2087",2015-09-20,73.2907142857143
"2088",2015-09-21,66.3725
"2089",2015-09-22,66.7192307692308
"2090",2015-09-23,68.465
"2091",2015-09-24,69.0425
"2092",2015-09-25,69.0725
"2093",2015-09-26,66.2975
"2094",2015-09-27,64.6733333333333
"2095",2015-09-28,70.2520930232558
"2096",2015-09-29,73.715
"2097",2015-09-30,75.2610169491525
"2098",2015-10-01,60.6371428571429
"2099",2015-10-02,52.7553846153846
"2100",2015-10-03,52.8136842105263
"2101",2015-10-04,57.3107692307692
"2102",2015-10-05,58.4096
"2103",2015-10-06,62.3525
"2104",2015-10-07,66.5024
"2105",2015-10-08,65.9225
"2106",2015-10-09,67.6740540540541
"2107",2015-10-10,60.5375
"2108",2015-10-11,57.755
"2109",2015-10-12,60.4586206896552
"2110",2015-10-13,66.3133333333333
"2111",2015-10-14,63.6125
"2112",2015-10-15,59.5025
"2113",2015-10-16,58.3175
"2114",2015-10-17,51.995
"2115",2015-10-18,46.1192
"2116",2015-10-19,43.655
"2117",2015-10-20,55.6925
"2118",2015-10-21,61.4075
"2119",2015-10-22,61.7830769230769
"2120",2015-10-23,60.9275
"2121",2015-10-24,52.94
"2122",2015-10-25,61.0731034482759
"2123",2015-10-26,53.2925
"2124",2015-10-27,51.38
"2125",2015-10-28,63.8094736842105
"2126",2015-10-29,67.1
"2127",2015-10-30,55.6625
"2128",2015-10-31,49.865
"2129",2015-11-01,59.4371428571429
"2130",2015-11-02,58.0742857142857
"2131",2015-11-03,57.6608
"2132",2015-11-04,62.2625
"2133",2015-11-05,61.8392452830189
"2134",2015-11-06,68.045
"2135",2015-11-07,64.13
"2136",2015-11-08,53.81
"2137",2015-11-09,50.1575
"2138",2015-11-10,58.2411764705882
"2139",2015-11-11,57.3425
"2140",2015-11-12,55.1664864864865
"2141",2015-11-13,56.2025
"2142",2015-11-14,48.305
"2143",2015-11-15,48.26
"2144",2015-11-16,56.195
"2145",2015-11-17,51.0725
"2146",2015-11-18,50.795
"2147",2015-11-19,63.185
"2148",2015-11-20,58.895
"2149",2015-11-21,46.6325
"2150",2015-11-22,49.5178571428571
"2151",2015-11-23,39.515
"2152",2015-11-24,41.1125
"2153",2015-11-25,43.8875
"2154",2015-11-26,47.78
"2155",2015-11-27,48.0813636363636
"2156",2015-11-28,55.4553846153846
"2157",2015-11-29,48.2502325581395
"2158",2015-11-30,41.7407692307692
"2159",2015-12-01,50.8586885245902
"2160",2015-12-02,54.5581538461538
"2161",2015-12-03,52.3632258064516
"2162",2015-12-04,46.0475
"2163",2015-12-05,43.58
"2164",2015-12-06,41.7013793103448
"2165",2015-12-07,44.4262068965517
"2166",2015-12-08,44.57
"2167",2015-12-09,44.24
"2168",2015-12-10,53.8448
"2169",2015-12-11,50.28125
"2170",2015-12-12,56.305625
"2171",2015-12-13,59.618
"2172",2015-12-14,58.5042105263158
"2173",2015-12-15,63.1860465116279
"2174",2015-12-16,51.065
"2175",2015-12-17,52.9466666666667
"2176",2015-12-18,50.1421052631579
"2177",2015-12-19,38.24
"2178",2015-12-20,36.335
"2179",2015-12-21,45.5
"2180",2015-12-22,57.18
"2181",2015-12-23,59.4270588235294
"2182",2015-12-24,68.9796153846154
"2183",2015-12-25,64.3086153846154
"2184",2015-12-26,58.8107692307692
"2185",2015-12-27,55.53
"2186",2015-12-28,48.6703225806452
"2187",2015-12-29,47.6413793103448
"2188",2015-12-30,48.74
"2189",2015-12-31,50.3741176470588
"2190",2016-01-01,41.4875
"2191",2016-01-02,37.4075
"2192",2016-01-03,38.2775
"2193",2016-01-04,32.09
"2194",2016-01-05,20.135
"2195",2016-01-06,28.6625
"2196",2016-01-07,37.4565714285714
"2197",2016-01-08,40.5761290322581
"2198",2016-01-09,47.0557142857143
"2199",2016-01-10,56.1013793103448
"2200",2016-01-11,35.18
"2201",2016-01-12,33.395
"2202",2016-01-13,28.754375
"2203",2016-01-14,32.9675
"2204",2016-01-15,41.45
"2205",2016-01-16,45.968
"2206",2016-01-17,35.5014285714286
"2207",2016-01-18,26.62
"2208",2016-01-19,21.14
"2209",2016-01-20,27.815
"2210",2016-01-21,31.28
"2211",2016-01-22,26.5584615384615
"2212",2016-01-23,26.1889189189189
"2213",2016-01-24,27.66
"2214",2016-01-25,29.2925
"2215",2016-01-26,36.995
"2216",2016-01-27,42.08
"2217",2016-01-28,33.71
"2218",2016-01-29,35.3942857142857
"2219",2016-01-30,33.4025
"2220",2016-01-31,41.075
"2221",2016-02-01,48.6638461538462
"2222",2016-02-02,44.6868965517241
"2223",2016-02-03,52.3985
"2224",2016-02-04,53.0223255813954
"2225",2016-02-05,38.8778947368421
"2226",2016-02-06,35.2475
"2227",2016-02-07,37.145
"2228",2016-02-08,40.2425
"2229",2016-02-09,33.6839473684211
"2230",2016-02-10,33.0294736842105
"2231",2016-02-11,25.772
"2232",2016-02-12,21.56
"2233",2016-02-13,21.1727272727273
"2234",2016-02-14,14.0075
"2235",2016-02-15,23.1832727272727
"2236",2016-02-16,45.4128125
"2237",2016-02-17,39.1925
"2238",2016-02-18,34.5125
"2239",2016-02-19,30.575
"2240",2016-02-20,46.82
"2241",2016-02-21,49.6815384615385
"2242",2016-02-22,46.592
"2243",2016-02-23,40.5540909090909
"2244",2016-02-24,48.9791428571429
"2245",2016-02-25,54.7151219512195
"2246",2016-02-26,38.4425
"2247",2016-02-27,35.285
"2248",2016-02-28,46.6175
"2249",2016-02-29,52.7975
"2250",2016-03-01,49.9475
"2251",2016-03-02,50.162
"2252",2016-03-03,33.2075
"2253",2016-03-04,33.2351724137931
"2254",2016-03-05,36.1325
"2255",2016-03-06,38.7569230769231
"2256",2016-03-07,43.52
"2257",2016-03-08,57.8975
"2258",2016-03-09,60.9575
"2259",2016-03-10,67.43
"2260",2016-03-11,64.6808
"2261",2016-03-12,52.295
"2262",2016-03-13,53.5861538461538
"2263",2016-03-14,48.0126530612245
"2264",2016-03-15,48.0744186046512
"2265",2016-03-16,53.335625
"2266",2016-03-17,51.0512
"2267",2016-03-18,56.0375
"2268",2016-03-19,43.7415384615385
"2269",2016-03-20,39.356
"2270",2016-03-21,39.12
"2271",2016-03-22,45.5375
"2272",2016-03-23,58.8575
"2273",2016-03-24,56.915
"2274",2016-03-25,65.1036363636364
"2275",2016-03-26,49.7975
"2276",2016-03-27,49.3329411764706
"2277",2016-03-28,50.8433333333333
"2278",2016-03-29,53.0675
"2279",2016-03-30,48.1925
"2280",2016-03-31,60.7325
"2281",2016-04-01,70.2552941176471
"2282",2016-04-02,57.398
"2283",2016-04-03,45.0834285714286
"2284",2016-04-04,51.1509090909091
"2285",2016-04-05,36.572
"2286",2016-04-06,41.3675
"2287",2016-04-07,56.813
"2288",2016-04-08,47.795
"2289",2016-04-09,38.1772727272727
"2290",2016-04-10,39.3584
"2291",2016-04-11,52.97
"2292",2016-04-12,57.9768421052632
"2293",2016-04-13,49.415
"2294",2016-04-14,51.395
"2295",2016-04-15,52.55
"2296",2016-04-16,54.4925
"2297",2016-04-17,57.0725
"2298",2016-04-18,65.1632
"2299",2016-04-19,65.66
"2300",2016-04-20,60.185
"2301",2016-04-21,59.3675
"2302",2016-04-22,69.1325
"2303",2016-04-23,63.698
"2304",2016-04-24,56.885
"2305",2016-04-25,61.4225
"2306",2016-04-26,68.7443243243243
"2307",2016-04-27,53.2257894736842
"2308",2016-04-28,50.81
"2309",2016-04-29,47.6696428571429
"2310",2016-11-19,55.8535714285714
"2311",2020-10-08,63.5791666666667
"2312",2020-10-09,59.7291666666667
"2313",2020-10-10,64.2958333333333
"2314",2020-10-11,64.6428571428571
"2315",2020-10-12,57.148275862069
"2316",2020-10-13,59.8846153846154
"2317",2020-10-14,59.8625
"2318",2020-11-01,50.627027027027
"2319",2020-11-07,55.7416666666667
"2320",2020-11-08,57.9896551724138
"2321",2020-11-09,57.5724137931035
"2322",2020-11-10,56.5
"2323",2020-11-11,65.7414634146342
"2324",2020-11-15,50.625
"2325",2020-11-16,54.23
"2326",2020-11-17,45.2625
"2327",2020-11-18,37.1708333333333
"2328",2020-11-22,51.4862068965517
"2329",2020-11-28,52.4166666666667
"2330",2020-11-29,45.5791666666667
"2331",2020-11-30,58.2714285714286
"2332",2020-12-06,40.4083333333333
"2333",2020-12-07,33.4958333333333
"2334",2020-12-13,53.416
"2335",2020-12-14,41.5545454545455
"2336",2020-12-19,27.5916666666667
"2337",2020-12-20,34.765625
"2338",2020-12-21,36.5731707317073
"2339",2020-12-22,39.7487179487179
"2340",2020-12-23,40.2916666666667
"2341",2020-12-24,52.0965517241379
"2342",2020-12-25,53.3372881355932
"2343",2020-12-26,28.1035714285714
"2344",2020-12-27,29.9291666666667
"2345",2021-01-21,33.2916666666667
"2346",2021-09-03,67.6916666666667
"2347",2021-09-04,68.2875
"2348",2021-09-05,69.984
"2349",2021-09-06,75.0310344827586
"2350",2021-09-07,73.6478260869565
"2351",2021-09-08,75.8166666666667
"2352",2021-09-09,71.1142857142857
"2353",2021-09-12,73.4041666666667
"2354",2021-09-13,78.6666666666667
"2355",2021-09-14,78.55
"2356",2021-09-15,78.1148148148148
